STATE,PC NO,PC NAME,PC NAME Processed,NO. OF AC SEGMENTS,NO. OF POLLING STATION,ELECTORS,AVG. NO OF ELECTORS PER POLLING STATION,NOMINATIONS,CONTESTENTS,FORFIETED DEPOSITS,VOTERS,VOTERS TURN OUT (IN %),
Andhra Pradesh,1,Adilabad ,Adilabad ,7,1662,1386282,834,11,8,5,1055593,76.15,
Uttar Pradesh,18,Agra,Agra,5,1866,1814739,973,25,15,13,1070405,71.82,
Maharashtra,37,Ahmadnagar ,Ahmadnagar ,6,1946,1705005,876,19,13,11,1062780,81.53,
Gujarat,7,Ahmedabad East,Ahmedabad East,7,1641,1601832,976,24,14,12,986526,51.05,
Gujarat,8,Ahmedabad West,Ahmedabad West,7,1471,1534400,1043,14,11,9,965560,53.06,
Rajasthan,13,Ajmer,Ajmer,8,1804,1683261,933,17,12,10,1156867,79.75,
Uttar Pradesh,44,Akbarpur,Akbarpur,5,1792,1768635,987,28,18,16,971448,84.16,
Maharashtra,6,Akola,Akola,6,1755,1672643,953,9,7,4,978630,77.70,
Kerala,15,Alappuzha,Alappuzha,7,1130,1271149,1125,17,13,11,998656,76.52,
Kerala,9,Alathur ,Alathur ,7,1036,1216207,1174,15,12,10,928656,53.30,
Uttar Pradesh,15,Aligarh,Aligarh,5,1770,1793126,1013,21,14,11,1064697,76.52,
West Bengal,2,Alipurduars,Alipurduars,7,1810,1470911,813,10,10,7,1225237,71.93,
Uttar Pradesh,52,Allahabad,Allahabad,5,1551,1666569,1075,36,23,20,891635,81.38,
Uttarakhand,3,Almora,Almora,14,1943,1253541,645,11,9,7,656934,72.69,
Rajasthan,8,Alwar,Alwar,8,1786,1626442,911,25,19,17,1063043,53.06,
Andhra Pradesh,24,Amalapuram ,Amalapuram ,7,1500,1357865,905,18,14,12,1121986,82.63,
Haryana,1,Ambala,Ambala,9,1762,1692424,961,20,14,12,1220125,76.15,
Uttar Pradesh,55,Ambedkar Nagar,Ambedkar Nagar,5,1717,1718774,1001,27,14,11,1034435,80.11,
Uttar Pradesh,37,Amethi,Amethi,5,1636,1669843,1021,38,34,32,874872,81.53,
Maharashtra,7,Amravati ,Amravati ,6,1835,1612739,879,33,19,17,1004542,51.05,
Gujarat,14,Amreli,Amreli,7,1694,1486286,877,19,14,12,809615,81.27,
Punjab,2,Amritsar,Amritsar,9,1527,1477260,967,32,23,21,1007286,71.93,
Uttar Pradesh,9,Amroha,Amroha,5,1572,1544245,982,20,15,13,1095895,53.30,
Andhra Pradesh,22,Anakapalli,Anakapalli,7,1584,1401474,885,11,8,6,1149326,82.01,
Gujarat,16,Anand,Anand,7,1577,1496859,949,20,15,13,971262,81.21,
Punjab,6,Anandpur Sahib,Anandpur Sahib,9,1831,1564708,855,23,18,15,1087487,77.70,
Andhra Pradesh,36,Anantapur,Anantapur,7,1671,1536894,920,17,13,11,1212195,78.87,
Jammu & Kashmir,3,Anantnag,Anantnag,17,1615,1301143,806,13,12,10,375281,72.69,
Andaman & Nicobar Islands,1,Andaman & Nicobar Islands,Andaman & Nicobar Islands,1,386,269360,698,22,15,13,190346,76.15,
Uttar Pradesh,24,Aonla,Aonla,5,1753,1653577,943,14,13,10,995817,82.63,
Tamil Nadu,7,Arakkonam,Arakkonam,6,1623,1401813,864,35,27,24,1089771,51.05,
West Bengal,29,Arambagh,Arambagh,7,2053,1600293,779,5,5,3,1362848,76.64,
Tamil Nadu,12,Arani,Arani,6,1649,1369668,831,24,19,16,1096549,75.55,
Bihar,9,Araria,Araria,6,1422,1587332,1116,13,13,10,975813,53.30,
Bihar,32,Arrah,Arrah,7,1765,1824515,1034,13,12,10,893351,85.16,
Andhra Pradesh,18,Aruku ,Aruku ,7,1628,1272340,782,13,11,9,913838,71.82,
Arunachal Pradesh,2,ARUNACHAL EAST,Arunachal East,27,899,312704,348,3,3,1,263157,71.93,
Arunachal Pradesh,1,ARUNACHAL WEST,Arunachal West,33,1259,446640,355,8,8,6,337671,76.15,
West Bengal,40,Asansol,Asansol,7,1813,1469684,811,14,14,11,1142786,77.14,
Odisha,19,Aska,Aska,7,1579,1408780,892,9,9,7,896461,74.60,
Kerala,19,Attingal,Attingal,7,1118,1251111,1119,20,16,14,859365,74.60,
Bihar,37,Aurangabad,Aurangabad,6,1760,1536153,873,13,13,10,786342,81.53,
Maharashtra,19,Aurangabad,Aurangabad,6,1713,1589395,928,45,27,25,983057,74.60,
Assam,3,Autonomous District,Autonomous District,5,1006,702230,698,7,5,2,543717,72.69,
Uttar Pradesh,69,Azamgarh,Azamgarh,5,1686,1703121,1010,28,18,15,960600,67.60,
Uttar Pradesh,23,Badaun,Badaun,5,1812,1769145,976,17,15,13,1027669,77.68,
Karnataka,3,Bagalkot,Bagalkot,8,1809,1568633,867,20,13,11,1079324,72.69,
Uttar Pradesh,11,Baghpat,Baghpat,5,1465,1505175,1027,22,14,11,1004766,71.58,
West Bengal,10,Baharampur,Baharampur,7,1835,1453783,792,8,8,5,1154702,60.51,
Uttar Pradesh,56,Bahraich,Bahraich,5,1606,1638640,1020,12,10,8,934330,78.32,
Madhya Pradesh,15,BALAGHAT,Balaghat,8,1873,1629739,870,19,16,14,1113381,76.52,
Odisha,6,Balasore,Balasore,7,1553,1366218,880,12,10,7,1049861,77.70,
Uttar Pradesh,72,Ballia,Ballia,5,1757,1768271,1006,20,15,12,942275,55.45,
West Bengal,6,Balurghat,Balurghat,7,1487,1254497,844,13,12,9,1063404,77.70,
Gujarat,2,Banaskantha,Banaskantha,7,1755,1515711,864,27,14,12,887366,71.93,
Uttar Pradesh,48,Banda,Banda,5,1659,1601855,966,24,13,10,858689,88.36,
Karnataka,25,Bangalore central,Bangalore Central,8,1956,1931456,987,28,26,24,1074602,81.38,
Karnataka,24,Bangalore North,Bangalore North,8,2363,2401472,1016,19,14,12,1357553,82.63,
Karnataka,23,Bangalore Rural,Bangalore Rural,8,2497,2190398,877,16,15,12,1455610,77.68,
Karnataka,26,Bangalore South,Bangalore South,8,1926,1998724,1038,28,23,21,1114359,82.19,
West Bengal,14,Bangaon,Bangaon,7,1863,1540713,827,12,11,8,1284297,81.27,
Bihar,27,Banka,Banka,6,1580,1549456,981,21,17,14,899360,84.27,
West Bengal,36,Bankura,Bankura,7,1914,1503812,786,15,14,11,1236613,78.87,
Uttar Pradesh,67,Bansgaon,Bansgaon,5,1852,1760090,950,17,12,10,877911,61.48,
Rajasthan,20,Banswara,Banswara,8,1909,1698244,890,6,6,4,1171488,80.19,
Andhra Pradesh,32,Bapatla ,Bapatla ,7,1587,1392964,878,18,14,12,1186250,85.16,
Uttar Pradesh,53,Barabanki,Barabanki,5,1839,1721278,936,24,14,12,1068169,77.87,
Maharashtra,35,Baramati,Baramati,6,2174,1813553,834,15,9,7,1066963,72.08,
Jammu & Kashmir,1,Baramulla,Baramulla,16,1616,1190766,737,18,15,13,466039,76.15,
West Bengal,17,Barasat,Barasat,7,1835,1512792,824,14,12,9,1270164,82.55,
West Bengal,38,Bardhaman Purba,Bardhaman Purba,7,1892,1532244,810,9,9,7,1321140,77.47,
Gujarat,23,Bardoli,Bardoli,7,1905,1614106,847,14,10,8,1209609,77.68,
Uttar Pradesh,25,Bareilly,Bareilly,5,1660,1664081,1002,25,14,12,1018100,81.38,
Odisha,1,Bargarh,Bargarh,7,1827,1430717,783,8,8,5,1126153,76.15,
Rajasthan,17,Barmer,Barmer,8,2393,1680152,702,16,11,8,1219174,82.55,
Assam,6,Barpeta,Barpeta,10,1906,1430188,750,15,15,12,1207044,77.70,
West Bengal,15,Barrackpore,Barrackpore,7,1530,1287222,841,15,12,9,1052600,76.52,
West Bengal,18,Basirhat,Basirhat,7,1822,1490596,818,9,9,6,1274085,71.82,
Chhattisgarh,10,BASTAR,Bastar,8,1765,1298083,735,8,8,6,769972,60.51,
Uttar Pradesh,61,Basti,Basti,5,1864,1787476,959,14,13,10,1048539,57.16,
Punjab,11,Bathinda,Bathinda,9,1570,1525289,972,37,29,27,1176977,71.58,
Maharashtra,39,Beed,Beed,6,2165,1792652,828,63,39,37,1232390,74.02,
Bihar,24,Begusarai,Begusarai,7,1641,1778759,1084,14,12,9,1078133,82.63,
Karnataka,2,Belgaum,Belgaum,8,1873,1580895,844,21,15,13,1078982,71.93,
Karnataka,9,Bellary,Bellary,8,1693,1487945,879,14,12,10,1045913,53.30,
Odisha,20,Berhampur,Berhampur,7,1543,1334268,865,13,11,8,905933,80.19,
Madhya Pradesh,29,BETUL,Betul,8,2081,1607831,773,10,8,6,1047827,76.64,
Uttar Pradesh,78,Bhadohi,Bhadohi,5,1760,1834598,1042,30,14,11,982154,56.12,
Odisha,7,Bhadrak ,Bhadrak ,7,1699,1469498,865,8,8,5,1081971,51.05,
Bihar,26,Bhagalpur,Bhagalpur,6,1606,1685339,1049,21,18,16,974187,82.19,
Maharashtra,11,Bhandara - gondiya,Bhandara - Gondiya,6,2079,1655852,796,48,26,24,1197398,71.58,
Rajasthan,9,BHARATPUR,Bharatpur,8,1834,1690705,922,18,12,10,963675,53.30,
Gujarat,22,Bharuch,Bharuch,7,1725,1417548,822,17,14,12,1061060,82.01,
Gujarat,15,Bhavnagar,Bhavnagar,7,1720,1594531,927,21,16,14,918144,76.52,
Rajasthan,23,Bhilwara,Bhilwara,8,2066,1754901,849,12,11,9,1104156,77.68,
Madhya Pradesh,2,BHIND,Bhind,8,1846,1600137,867,15,9,7,729367,71.93,
Maharashtra,23,Bhiwandi,Bhiwandi,6,1990,1696584,853,17,13,11,875814,77.68,
Haryana,8,Bhiwani-Mahendragarh,Bhiwani-Mahendragarh,9,1633,1473912,903,31,26,23,1031357,53.06,
Andhra Pradesh,14,Bhongir ,Bhongir ,7,1825,1492240,818,15,13,11,1212738,81.27,
Madhya Pradesh,19,BHOPAL,Bhopal,8,1977,1957241,990,31,28,26,1130281,74.60,
Odisha,18,Bhubaneswar,Bhubaneswar,7,1531,1527768,998,12,11,9,891958,71.82,
Karnataka,7,Bidar,Bidar,8,1896,1600962,844,39,24,22,963206,51.05,
Karnataka,4,Bijapur,Bijapur,8,1869,1622635,868,17,14,12,966797,69.11,
Uttar Pradesh,4,Bijnor,Bijnor,5,1548,1562081,1009,25,12,9,1060410,69.11,
Rajasthan,2,Bikaner,Bikaner,8,1695,1592355,939,9,8,6,930766,71.93,
Chhattisgarh,5,BILASPUR,Bilaspur,8,1908,1729229,906,34,26,24,1090583,76.09,
West Bengal,42,Birbhum,Birbhum,7,1861,1495087,803,11,11,8,1275948,82.59,
West Bengal,37,Bishnupur,Bishnupur,7,1859,1466921,789,9,9,7,1272099,81.53,
Odisha,10,Bolangir,Bolangir,7,2086,1563025,749,8,8,5,1170961,60.51,
West Bengal,41,Bolpur,Bolpur,7,1939,1538420,793,7,7,5,1305062,78.05,
Uttar Pradesh,14,Bulandshahr,Bulandshahr,5,1703,1736436,1020,15,10,8,1010198,81.27,
Maharashtra,5,Buldhana,Buldhana,6,1718,1595435,929,26,17,15,978876,76.09,
West Bengal,39,Burdwan - durgapur,Burdwan - Durgapur,7,1970,1583495,804,8,8,5,1331732,74.02,
Bihar,33,Buxar,Buxar,6,1620,1640671,1013,19,16,13,889152,82.23,
Kerala,11,Chalakudy,Chalakudy,7,1070,1150143,1075,21,15,13,885037,71.58,
Karnataka,22,Chamarajanagar,Chamarajanagar,8,1940,1555781,802,18,14,12,1133326,82.01,
Uttar Pradesh,76,Chandauli,Chandauli,5,1601,1593133,995,25,21,18,980654,56.53,
Chandigarh,1,CHANDIGARH,Chandigarh,1,519,615205,1185,21,17,14,453460,76.15,
NCT OF Delhi,1,CHANDNI CHOWK                 ,Chandni Chowk                 ,10,1485,1447228,975,33,25,22,982275,76.15,
Maharashtra,13,Chandrapur,Chandrapur,6,1983,1753690,884,27,18,15,1109888,79.75,
Jharkhand,4,Chatra,Chatra,5,1499,1312562,876,21,20,19,712980,69.11,
Andhra Pradesh,10,CHELVELLA,Chelvella,7,2142,2185164,1020,24,15,12,1322312,60.51,
Tamil Nadu,4,Chennai central,Chennai Central,6,1153,1328018,1152,41,20,18,815229,69.11,
Tamil Nadu,2,Chennai North,Chennai North,6,1308,1422384,1087,51,40,38,910452,71.93,
Tamil Nadu,3,Chennai South,Chennai South,6,1611,1795743,1115,47,42,39,1085402,72.69,
Madhya Pradesh,16,CHHINDWARA,Chhindwara,7,1704,1402038,823,17,13,11,1107631,81.21,
Gujarat,21,Chhota Udaipur,Chhota Udaipur,7,1979,1536305,776,9,4,2,1101623,67.53,
Tamil Nadu,27,Chidambaram ,Chidambaram ,6,1598,1366189,855,23,15,12,1088842,84.27,
Karnataka,27,Chikkballapur,Chikkballapur,8,2119,1658410,783,23,19,16,1263911,84.27,
Karnataka,1,Chikkodi,Chikkodi,8,1728,1442206,835,15,12,10,1071495,76.15,
Karnataka,18,Chitradurga,Chitradurga,8,2081,1661277,798,19,14,11,1097666,71.82,
Andhra Pradesh,42,Chittoor ,Chittoor ,7,1582,1451851,918,10,7,5,1199137,82.59,
Rajasthan,21,Chittorgarh,Chittorgarh,8,2145,1819506,848,17,14,12,1172997,67.53,
Rajasthan,3,Churu,Churu,8,1859,1753825,943,14,12,10,1131930,72.69,
Tamil Nadu,20,Coimbatore,Coimbatore,6,1663,1720219,1034,50,25,22,1176627,80.19,
West Bengal,1,Cooch behar,Cooch Behar,7,1986,1613403,812,12,12,10,1332968,76.15,
Tamil Nadu,26,Cuddalore ,Cuddalore ,6,1408,1247907,886,26,17,15,985127,82.19,
Odisha,14,Cuttack,Cuttack,7,1576,1371617,870,11,10,8,980556,81.27,
Dadra & Nagar Haveli,1,Dadar & Nagar Haveli,Dadar & Nagar Haveli,1,240,196597,819,14,11,9,165324,76.15,
Gujarat,19,Dahod,Dahod,7,1650,1411765,856,13,10,8,901435,74.60,
Karnataka,17,Dakshina Kannada,Dakshina Kannada,8,1766,1565219,886,17,14,12,1207583,82.55,
Daman & Diu,1,Daman & diu,Daman & Diu,1,131,111818,854,5,4,2,87233,76.15,
Madhya Pradesh,7,DAMOH,Damoh,8,1967,1651614,840,14,10,8,913868,51.05,
Bihar,14,Darbhanga,Darbhanga,6,1405,1495445,1064,17,15,13,829289,81.27,
West Bengal,4,Darjeeling,Darjeeling,7,1829,1437154,786,13,13,11,1142696,69.11,
Rajasthan,11,Dausa,Dausa,8,1815,1524100,840,18,14,11,930921,71.58,
Karnataka,13,Davanagere,Davanagere,8,1896,1522712,803,29,18,16,1115132,79.75,
Uttar Pradesh,66,Deoria,Deoria,5,1780,1806926,1015,29,15,13,972160,63.62,
Madhya Pradesh,21,DEWAS,Dewas,8,1917,1617111,844,11,11,9,1144151,67.53,
Jharkhand,7,Dhanbad,Dhanbad,6,2240,1890021,844,32,31,29,1143945,51.05,
Madhya Pradesh,25,DHAR,Dhar,8,1722,1668441,969,9,7,5,1077052,81.38,
Tamil Nadu,10,Dharmapuri,Dharmapuri,6,1615,1358273,841,29,15,13,1102703,60.51,
Karnataka,11,Dharwad,Dharwad,8,1703,1578125,927,21,17,15,1041470,71.58,
Uttar Pradesh,29,Dhaurahra,Dhaurahra,5,1658,1558041,940,17,15,12,1060274,76.64,
Odisha,9,Dhenkanal,Dhenkanal,7,1610,1363471,847,13,12,9,1042111,53.30,
Assam,4,Dhubri,Dhubri,10,1940,1550166,799,18,15,12,1369722,69.11,
Maharashtra,2,Dhule,Dhule,6,1719,1675367,975,30,19,17,983116,71.93,
West Bengal,21,Diamond harbour,Diamond Harbour,7,1879,1555914,828,17,16,14,1261328,67.53,
Assam,13,Dibrugarh,Dibrugarh,9,1535,1124305,732,8,6,4,891129,79.75,
Tamil Nadu,22,Dindigul,Dindigul,6,1616,1400531,867,25,18,16,1083689,82.01,
Maharashtra,20,Dindori ,Dindori ,6,1750,1530208,874,15,10,8,970316,80.19,
Uttar Pradesh,60,Domariyaganj,Domariyaganj,5,1909,1761415,923,21,17,14,935029,60.49,
West Bengal,16,Dum dum,Dum Dum,7,1727,1405981,814,9,9,6,1133801,81.21,
Jharkhand,2,Dumka,Dumka,6,1672,1273049,761,19,14,11,903062,71.93,
Chhattisgarh,7,DURG,Durg,9,1933,1858922,962,34,26,24,1259142,51.05,
NCT OF Delhi,3,EAST DELHI                    ,East Delhi                    ,10,1634,1829572,1120,29,23,20,1196731,72.69,
Andhra Pradesh,27,Eluru ,Eluru ,7,1544,1427764,925,18,15,13,1203236,84.27,
Kerala,12,Ernakulam,Ernakulam,7,1019,1156355,1135,23,16,14,850910,75.55,
Tamil Nadu,17,Erode,Erode,6,1448,1321395,913,27,14,11,1009458,82.55,
Uttar Pradesh,22,Etah,Etah,5,1725,1577457,914,17,11,9,926283,82.01,
Uttar Pradesh,41,Etawah,Etawah,5,1932,1707237,884,13,10,7,939893,78.05,
Uttar Pradesh,54,Faizabad,Faizabad,5,1745,1738701,996,21,11,9,1022734,80.75,
Haryana,10,Faridabad,Faridabad,9,1645,1740351,1058,32,27,26,1130932,60.51,
Punjab,9,Faridkot,Faridkot,9,1531,1455055,950,28,19,16,1032345,53.30,
Uttar Pradesh,40,Farrukhabad,Farrukhabad,5,1746,1613781,924,29,22,20,970749,77.14,
Punjab,8,Fatehgarh Sahib,Fatehgarh Sahib,9,1677,1396940,833,19,15,12,1031030,53.06,
Uttar Pradesh,49,Fatehpur,Fatehpur,6,1885,1804753,957,20,14,11,1057192,81.32,
Uttar Pradesh,19,Fatehpur Sikri,Fatehpur Sikri,5,1752,1580582,902,35,28,25,968233,74.60,
Uttar Pradesh,20,Firozabad,Firozabad,5,1839,1636738,890,25,15,13,1104647,80.19,
Punjab,10,Firozpur,Firozpur,9,1692,1522107,900,22,15,13,1105648,60.51,
Maharashtra,12,Gadchiroli-Chimur,Gadchiroli-Chimur,6,1794,1468437,819,15,11,9,1028462,75.55,
Gujarat,6,Gandhinagar,Gandhinagar,7,1770,1733972,980,23,18,16,1137014,77.70,
Rajasthan,1,Ganganagar,Ganganagar,8,1890,1718413,909,18,17,15,1257361,76.15,
Uttarakhand,2,Garhwal,Garhwal,14,2047,1267218,619,12,10,8,684014,71.93,
Assam,7,Gauhati,Gauhati,10,2345,1922270,820,21,18,16,1512248,51.05,
Uttar Pradesh,13,Gautam Buddha Nagar,Gautam Buddha Nagar,5,1908,1986109,1041,29,24,22,1199365,79.75,
Bihar,38,Gaya (SC),Gaya (Sc),6,1663,1501521,903,16,13,10,809587,77.47,
West Bengal,32,Ghatal,Ghatal,7,2064,1610489,780,10,10,8,1367637,85.16,
Uttar Pradesh,12,Ghaziabad,Ghaziabad,5,2237,2357553,1054,38,15,14,1342471,75.55,
Uttar Pradesh,75,Ghazipur,Ghazipur,5,1703,1801519,1058,21,18,15,986715,54.60,
Uttar Pradesh,70,Ghosi,Ghosi,5,1490,1891112,1269,30,18,16,1039830,64.31,
Jharkhand,6,Giridih,Giridih,6,1905,1511644,794,20,17,15,971242,77.70,
Jharkhand,3,Godda,Godda,6,2042,1590771,779,17,16,13,1049642,72.69,
Uttar Pradesh,59,Gonda,Gonda,5,1647,1710825,1039,20,15,13,873934,61.80,
Bihar,17,Gopalganj (SC),Gopalganj (Sc),6,1622,1654838,1020,16,14,12,903590,82.55,
Uttar Pradesh,64,Gorakhpur,Gorakhpur,5,1948,1903988,977,18,15,12,1040822,52.86,
Karnataka,5,Gulbarga,Gulbarga,8,1946,1721990,885,17,8,6,998086,76.09,
Madhya Pradesh,4,GUNA,Guna,8,1919,1605613,837,13,11,9,977619,69.11,
Andhra Pradesh,30,Guntur,Guntur,7,1594,1572016,986,22,12,10,1246775,79.31,
Punjab,1,Gurdaspur,Gurdaspur,9,1756,1500337,854,21,13,10,1042748,76.15,
Haryana,9,Gurgaon,Gurgaon,9,1816,1844906,1016,27,22,20,1320647,53.30,
Madhya Pradesh,3,GWALIOR,Gwalior,8,2001,1876963,938,23,21,19,991071,72.69,
Bihar,21,Hajipur (SC),Hajipur (Sc),6,1512,1649547,1091,17,15,13,905704,67.53,
Himachal Pradesh,3,Hamirpur,Hamirpur,17,1680,1247699,743,13,10,8,835744,72.69,
Uttar Pradesh,47,Hamirpur,Hamirpur,5,1803,1737993,964,20,15,12,977930,77.43,
Uttar Pradesh,31,Hardoi,Hardoi,5,1773,1714388,967,15,15,12,972906,84.68,
Uttarakhand,5,Hardwar,Hardwar,14,2052,1642873,801,34,24,22,1175734,76.09,
Karnataka,16,Hassan,Hassan,8,2196,1561486,711,23,14,12,1147534,81.21,
Uttar Pradesh,16,Hathras,Hathras,5,1906,1758927,923,11,9,6,1049289,81.21,
Maharashtra,48,Hatkanangle,Hatkanangle,6,1743,1630604,936,21,13,11,1190332,88.36,
Karnataka,10,Haveri,Haveri,8,1876,1558749,831,29,19,17,1116368,60.51,
Jharkhand,14,Hazaribagh,Hazaribagh,5,1788,1518923,850,22,20,18,967348,81.27,
Andhra Pradesh,37,Hindupur,Hindupur,7,1663,1446496,870,14,12,10,1179270,81.53,
Maharashtra,15,Hingoli ,Hingoli ,6,1874,1586194,846,49,23,21,1051477,76.52,
Haryana,4,Hisar,Hisar,9,1513,1517606,1003,47,41,39,1156805,69.11,
West Bengal,28,Hooghly,Hooghly,7,2019,1630042,807,9,9,7,1350939,83.48,
Madhya Pradesh,17,HOSHANGABAD,Hoshangabad,8,1950,1568206,804,9,8,6,1031823,82.55,
Punjab,5,Hoshiarpur,Hoshiarpur,9,1860,1485243,799,22,17,14,961562,76.09,
West Bengal,25,Howrah,Howrah,7,1814,1505099,830,19,15,12,1125728,81.38,
Andhra Pradesh,9,Hyderabad,Hyderabad,7,1567,1823217,1164,17,16,14,971770,53.30,
Kerala,13,Idukki,Idukki,7,1145,1158618,1012,21,16,14,820267,79.75,
Madhya Pradesh,26,INDORE,Indore,8,2206,2115302,959,24,22,20,1317016,82.19,
Manipur,1,Inner manipur,Inner Manipur,32,1256,855360,681,8,8,6,641314,76.15,
Madhya Pradesh,13,JABALPUR,Jabalpur,8,1814,1711621,944,16,15,13,1002210,79.75,
West Bengal,22,Jadavpur,Jadavpur,7,1959,1595744,815,13,13,11,1274723,82.01,
Odisha,16,Jagatsinghpur ,Jagatsinghpur ,7,1826,1499673,821,7,7,5,1132868,81.21,
Bihar,36,Jahanabad,Jahanabad,6,1537,1423246,926,23,15,13,811852,78.87,
Rajasthan,7,Jaipur,Jaipur,8,1909,1957816,1026,33,16,14,1298951,51.05,
Rajasthan,6,Jaipur Rural,Jaipur Rural,8,1844,1700306,922,17,12,10,1016230,77.70,
Odisha,8,Jajpur ,Jajpur ,7,1649,1303733,791,9,9,7,981780,53.06,
Punjab,4,Jalandhar,Jalandhar,9,1815,1551484,855,31,24,21,1040778,69.11,
Uttar Pradesh,45,Jalaun,Jalaun,5,2193,1887189,861,12,11,9,1109197,76.14,
Maharashtra,3,Jalgaon,Jalgaon,6,1890,1707969,904,22,20,18,990604,72.69,
Maharashtra,18,Jalna,Jalna,6,1851,1612056,871,34,22,20,1066375,71.82,
Rajasthan,18,Jalore,Jalore,8,1919,1824968,951,33,16,14,1088045,71.82,
West Bengal,3,Jalpaiguri,Jalpaiguri,7,1818,1531468,842,12,12,9,1304280,72.69,
Jammu & Kashmir,6,Jammu,Jammu,20,2274,1848155,813,24,19,17,1256529,77.70,
Gujarat,12,Jamnagar,Jamnagar,7,1665,1470952,883,37,25,23,852989,75.55,
Jharkhand,9,Jamshedpur,Jamshedpur,6,1628,1581665,972,17,15,13,1049164,53.30,
Bihar,40,Jamui (SC),Jamui (Sc),6,1604,1550936,967,13,11,8,775650,77.14,
West Bengal,9,Jangipur,Jangipur,7,1750,1391656,795,11,11,8,1119320,53.30,
Chhattisgarh,3,JANJGIR-CHAMPA,Janjgir-Champa,8,1983,1744201,880,18,15,13,1073367,72.69,
Uttar Pradesh,73,Jaunpur,Jaunpur,5,1850,1848842,999,25,21,18,1007235,61.17,
Rajasthan,25,JHALAWAR-BARAN,Jhalawar-Baran,8,2030,1669844,823,10,6,4,1146407,81.38,
Bihar,7,Jhanjharpur,Jhanjharpur,6,1529,1668405,1091,20,19,16,941265,51.05,
Uttar Pradesh,46,Jhansi,Jhansi,5,1974,1932052,979,20,15,13,1320867,75.46,
West Bengal,33,Jhargram,Jhargram,7,1973,1475112,748,13,13,11,1257645,82.23,
Rajasthan,4,Jhunjhunu,Jhunjhunu,8,1791,1697470,948,16,12,9,1008641,69.11,
Rajasthan,16,Jodhpur,Jodhpur,8,1850,1727791,934,20,13,11,1079798,81.21,
Assam,12,Jorhat,Jorhat,10,1597,1189486,745,10,10,8,931568,75.55,
West Bengal,19,Joynagar,Joynagar,7,1751,1458724,833,10,10,8,1189153,74.60,
Gujarat,13,Junagadh,Junagadh,7,1700,1485543,874,11,8,6,942257,79.75,
Gujarat,1,Kachchh,Kachchh,7,1835,1533778,836,9,5,3,947521,76.15,
Andhra Pradesh,38,Kadapa,Kadapa,7,1800,1550440,861,24,14,12,1201120,77.47,
Uttar Pradesh,2,Kairana,Kairana,5,1503,1531767,1019,23,11,9,1119747,71.93,
Uttar Pradesh,57,Kaiserganj,Kaiserganj,5,1730,1711967,990,26,14,12,943437,79.26,
Andhra Pradesh,23,Kakinada,Kakinada,7,1491,1418290,951,26,22,20,1101730,77.68,
Odisha,11,Kalahandi,Kalahandi,7,1892,1474135,779,15,15,12,1117831,71.58,
Assam,11,Kaliabor,Kaliabor,10,1772,1457219,822,13,13,10,1167391,71.58,
Tamil Nadu,14,Kallakurichi,Kallakurichi,6,1623,1412497,870,48,22,20,1107506,81.27,
Maharashtra,24,Kalyan,Kalyan,6,1856,1922034,1036,27,18,16,825414,82.63,
Tamil Nadu,6,Kancheepuram ,Kancheepuram ,6,1661,1480123,891,25,11,8,1129849,77.70,
Odisha,13,Kandhamal,Kandhamal,7,1497,1143602,764,8,8,6,839796,79.75,
Himachal Pradesh,1,Kangra,Kangra,17,1796,1258599,701,14,12,10,799926,76.15,
Chhattisgarh,11,KANKER,Kanker,8,1781,1448375,813,11,10,8,1017080,71.58,
Uttar Pradesh,42,Kannauj,Kannauj,5,1996,1808886,906,23,12,10,1114576,82.59,
Tamil Nadu,39,Kanniyakumari,Kanniyakumari,6,1562,1467768,940,34,25,22,991162,74.02,
Kerala,2,Kannur,Kannur,7,1002,1168593,1168,17,11,9,948572,71.93,
Uttar Pradesh,43,Kanpur,Kanpur,5,1492,1611248,1080,39,21,19,835125,75.60,
West Bengal,31,Kanthi,Kanthi,7,1843,1490409,809,7,7,5,1292373,84.68,
Bihar,35,Karakat,Karakat,6,1607,1580558,984,18,15,13,790361,72.08,
Rajasthan,10,KARAULI-DHOLPUR,Karauli-Dholpur,8,1748,1549468,886,14,14,12,846343,60.51,
Assam,1,Karimganj ,Karimganj ,8,1504,1165997,775,16,15,12,887782,76.15,
Andhra Pradesh,3,Karimnagar ,Karimnagar ,7,1876,1550810,827,20,17,14,1127225,72.69,
Haryana,5,Karnal,Karnal,9,1559,1684321,1080,33,23,21,1193697,76.09,
Tamil Nadu,23,Karur,Karur,6,1495,1298322,868,32,25,23,1047054,77.68,
Kerala,1,Kasaragod,Kasaragod,7,1093,1242829,1138,24,14,11,975195,76.15,
Bihar,11,Katihar,Katihar,6,1358,1446478,1065,22,21,19,977833,71.58,
Uttar Pradesh,50,Kaushambi,Kaushambi,5,1701,1738509,1022,20,11,8,910514,84.40,
Odisha,15,Kendrapara ,Kendrapara ,7,1935,1555444,804,7,7,5,1137607,76.52,
Odisha,4,Keonjhar ,Keonjhar ,7,1873,1346683,719,8,8,5,1084571,69.11,
Punjab,3,Khadoor Sahib,Khadoor Sahib,9,1793,1563394,872,28,17,15,1040622,72.69,
Bihar,25,Khagaria,Khagaria,6,1400,1506587,1076,14,13,10,896310,81.38,
Madhya Pradesh,8,KHAJURAHO,Khajuraho,8,1864,1702833,914,20,17,15,874531,53.06,
Andhra Pradesh,17,Khammam ,Khammam ,7,1610,1440267,895,27,27,25,1188875,82.55,
Madhya Pradesh,28,KHANDWA,Khandwa,8,1965,1759417,895,16,14,12,1257711,83.48,
Madhya Pradesh,27,KHARGONE,Khargone,8,1877,1703272,907,8,8,6,1152674,84.27,
Gujarat,17,Kheda,Kheda,7,1753,1599471,912,17,15,13,957464,82.55,
Uttar Pradesh,28,Kheri,Kheri,5,1661,1679466,1011,16,11,8,1077881,83.48,
Jharkhand,11,Khunti,Khunti,6,1441,1111856,772,16,14,11,737611,71.58,
Bihar,10,Kishanganj,Kishanganj,6,1365,1438990,1054,11,10,8,928499,60.51,
Jharkhand,5,Kodarma,Kodarma,6,2172,1639645,755,21,20,18,1024939,76.09,
Assam,5,Kokrajhar,Kokrajhar,10,2049,1505472,735,9,6,3,1224243,76.09,
Karnataka,28,Kolar,Kolar,8,2041,1492977,731,33,22,19,1127340,83.48,
Maharashtra,47,Kolhapur,Kolhapur,6,1997,1758293,880,29,15,13,1261018,77.43,
West Bengal,23,Kolkata Dakshin,Kolkata Dakshin,7,2001,1685296,842,15,15,12,1168467,77.68,
West Bengal,24,Kolkata Uttar,Kolkata Uttar,7,1859,1433985,771,20,18,15,956148,82.63,
Kerala,18,Kollam,Kollam,7,1119,1219202,1090,16,11,9,879228,71.82,
Karnataka,8,Koppal,Koppal,8,1836,1535105,836,20,16,14,1007430,53.06,
Odisha,21,Koraput ,Koraput ,7,1703,1300437,764,9,9,7,990657,67.53,
Chhattisgarh,4,KORBA,Korba,8,1825,1423729,780,32,24,22,1052839,69.11,
Rajasthan,24,Kota,Kota,8,2010,1744539,868,15,12,10,1155972,82.63,
Kerala,14,Kottayam,Kottayam,7,1088,1161267,1068,15,11,9,832421,81.27,
Kerala,5,Kozhikode,Kozhikode,7,1003,1181909,1179,23,13,11,943227,76.09,
Tamil Nadu,9,Krishnagiri,Krishnagiri,6,1620,1379957,852,38,15,12,1069343,53.30,
West Bengal,12,Krishnanagar,Krishnanagar,7,1800,1476783,820,10,9,6,1248695,75.55,
Andhra Pradesh,35,Kurnool,Kurnool,7,1571,1481791,943,16,12,10,1068070,72.08,
Haryana,2,Kurukshetra,Kurukshetra,9,1542,1498459,972,36,22,19,1136173,71.93,
Uttar Pradesh,65,Kushi Nagar,Kushi Nagar,5,1661,1680992,1012,20,14,12,950792,56.42,
Jammu & Kashmir,4,Ladakh,Ladakh,4,531,166763,314,9,4,0,119068,69.11,
Assam,14,Lakhimpur,Lakhimpur,9,1921,1431080,745,14,13,11,1112670,81.27,
Lakshadweep,1,Lakshadweep,Lakshadweep,1,44,49922,1135,9,6,4,43242,76.15,
Uttar Pradesh,68,Lalganj,Lalganj,5,1637,1661470,1015,16,14,11,899548,64.52,
Maharashtra,41,Latur ,Latur ,6,1898,1686957,889,30,18,16,1057579,78.05,
Jharkhand,12,Lohardaga,Lohardaga,5,1482,1119144,755,10,9,6,651639,75.55,
Uttar Pradesh,35,Lucknow,Lucknow,5,1728,1949956,1128,57,29,27,1034698,72.08,
Punjab,7,Ludhiana,Ludhiana,9,1653,1561173,944,30,22,18,1101967,51.05,
Uttar Pradesh,74,Machhlishahr,Machhlishahr,5,1874,1891969,1010,28,15,12,997913,59.12,
Andhra Pradesh,28,Machilipatnam ,Machilipatnam ,7,1538,1369311,890,14,11,9,1143048,83.48,
Maharashtra,43,Madha,Madha,6,1922,1727322,899,35,24,22,1080167,75.60,
Bihar,13,Madhepura,Madhepura,6,1604,1725693,1076,16,12,9,1034799,79.75,
Bihar,6,Madhubani,Madhubani,6,1491,1627832,1092,12,11,9,860469,77.70,
Tamil Nadu,32,Madurai,Madurai,6,1476,1441434,977,60,31,29,976385,85.16,
Andhra Pradesh,16,Mahabubabad  ,Mahabubabad  ,7,1670,1387288,831,22,17,14,1126618,81.21,
Bihar,19,Maharajganj,Maharajganj,6,1546,1642068,1062,11,10,7,846833,74.60,
Uttar Pradesh,63,Maharajganj,Maharajganj,5,1677,1743131,1039,23,23,20,1060241,57.18,
Chhattisgarh,9,MAHASAMUND,Mahasamund,8,1937,1516177,783,38,27,25,1131254,53.30,
Andhra Pradesh,11,Mahbubnagar,Mahbubnagar,7,1592,1418668,891,17,9,6,1015520,71.58,
Gujarat,4,Mahesana,Mahesana,7,1621,1498219,924,28,14,12,1004295,69.11,
Uttar Pradesh,21,Mainpuri,Mainpuri,5,1929,1653058,857,14,13,11,999427,67.53,
Kerala,6,Malappuram,Malappuram,7,1006,1197664,1191,18,10,8,853468,77.70,
West Bengal,8,Maldaha Dakshin,Maldaha Dakshin,7,1510,1347143,892,17,17,13,1092465,53.06,
West Bengal,7,Maldaha Uttar,Maldaha Uttar,7,1573,1425428,906,15,14,11,1163156,51.05,
Andhra Pradesh,7,Malkajgiri,Malkajgiri,7,2882,3183083,1104,32,30,28,1624859,51.05,
Himachal Pradesh,2,Mandi,Mandi,17,1985,1150408,580,13,9,7,726482,71.93,
Madhya Pradesh,14,MANDLA,Mandla,8,2334,1824702,782,11,10,8,1218661,81.27,
Madhya Pradesh,23,MANDSOUR,Mandsour,8,1898,1626556,857,14,14,12,1161599,77.68,
Karnataka,20,Mandya,Mandya,8,2019,1669262,827,22,16,14,1193041,80.19,
Assam,8,Mangaldoi,Mangaldoi,10,1852,1515676,818,13,12,10,1233474,53.06,
Uttar Pradesh,17,Mathura,Mathura,5,1734,1682260,970,25,20,18,1078331,82.55,
West Bengal,20,Mathurapur,Mathurapur,7,1825,1488785,816,10,10,8,1271208,80.19,
Maharashtra,33,Maval,Maval,6,2185,1953741,894,26,19,17,1174380,82.23,
Kerala,16,Mavelikkara ,Mavelikkara ,7,1147,1252369,1092,15,9,7,889269,81.21,
Tamil Nadu,28,Mayiladuthurai,Mayiladuthurai,6,1582,1350316,854,28,19,17,1026581,83.48,
Odisha,5,Mayurbhanj ,Mayurbhanj ,7,1771,1327555,750,11,9,6,1054555,76.09,
Andhra Pradesh,6,Medak,Medak,7,1817,1536166,845,15,13,11,1193548,77.70,
West Bengal,34,Medinipur,Medinipur,7,1914,1499673,784,12,10,8,1263095,76.71,
Uttar Pradesh,10,Meerut,Meerut,5,1676,1764387,1053,22,13,10,1113671,60.51,
Uttar Pradesh,79,Mirzapur,Mirzapur,5,1716,1720661,1003,25,23,21,1007646,54.91,
Uttar Pradesh,32,Misrikh,Misrikh,5,1878,1725589,919,16,14,11,998314,85.16,
Mizoram,1,MIZORAM,Mizoram,40,1126,702170,624,4,3,1,434962,76.15,
Uttar Pradesh,34,Mohanlalganj,Mohanlalganj,5,1912,1838194,961,22,18,15,1116658,76.71,
Uttar Pradesh,6,Moradabad,Moradabad,5,1709,1771985,1037,21,18,16,1128076,77.70,
Madhya Pradesh,1,MORENA,Morena,8,1882,1702457,905,20,17,14,854281,76.15,
Maharashtra,31,Mumbai   South,Mumbai   South,6,1549,1485844,959,23,20,18,779859,84.68,
Maharashtra,26,Mumbai North,Mumbai North,6,1684,1783870,1059,27,21,19,946717,82.19,
Maharashtra,29,Mumbai North central,Mumbai North Central,6,1725,1737084,1007,27,21,19,845455,76.64,
Maharashtra,28,Mumbai North East,Mumbai North East,6,1650,1668357,1011,26,19,17,862522,83.48,
Maharashtra,27,Mumbai North West,Mumbai North West,6,1689,1775416,1051,21,14,12,897871,84.27,
Maharashtra,30,Mumbai South central,Mumbai South Central,6,1582,1447886,915,27,21,19,768750,79.31,
Bihar,28,Munger,Munger,6,1691,1719984,1017,17,13,10,914442,83.48,
West Bengal,11,Murshidabad,Murshidabad,7,1897,1512098,797,12,12,9,1288578,71.58,
Uttar Pradesh,3,Muzaffarnagar,Muzaffarnagar,5,1535,1588475,1035,30,19,17,1107765,72.69,
Bihar,15,Muzaffarpur,Muzaffarpur,6,1476,1551363,1051,30,29,27,948927,76.52,
Karnataka,21,Mysore,Mysore,8,1973,1723134,873,22,15,13,1159628,67.53,
Odisha,12,Nabarangpur ,Nabarangpur ,7,1709,1297210,759,8,7,5,1022187,75.55,
Nagaland,1,Nagaland,Nagaland,60,2059,1182972,575,4,3,1,1039962,76.15,
Tamil Nadu,29,Nagapattinam ,Nagapattinam ,6,1425,1210617,850,25,9,7,942568,76.64,
Andhra Pradesh,12,Nagarkurnool,Nagarkurnool,7,1676,1477305,881,9,6,3,1116159,75.55,
Rajasthan,14,Nagaur,Nagaur,8,1783,1678660,941,14,13,11,1005523,81.27,
Uttar Pradesh,5,Nagina,Nagina,5,1545,1493419,967,19,14,11,942625,76.09,
Maharashtra,10,Nagpur ,Nagpur ,6,1828,1900784,1040,51,33,31,1085765,60.51,
Uttarakhand,4,Nainital-udhamsingh Nagar,Nainital-Udhamsingh Nagar,14,1957,1610811,823,19,15,13,1101934,69.11,
Bihar,29,Nalanda,Nalanda,7,2025,1951967,964,27,22,20,921841,76.64,
Andhra Pradesh,13,Nalgonda,Nalgonda,7,1729,1494343,864,11,9,6,1191667,79.75,
Tamil Nadu,16,Namakkal,Namakkal,6,1516,1329550,877,35,26,24,1060024,81.21,
Maharashtra,16,Nanded,Nanded,6,1866,1687057,904,67,23,21,1014020,81.21,
Maharashtra,1,Nandurbar ,Nandurbar ,6,1984,1672943,843,14,9,7,1117024,76.15,
Andhra Pradesh,34,Nandyal,Nandyal,7,1732,1576945,910,24,14,12,1209680,76.71,
Andhra Pradesh,31,Narasaraopet,Narasaraopet,7,1633,1514861,928,13,11,9,1282831,84.68,
Andhra Pradesh,26,Narsapuram,Narsapuram,7,1373,1325028,965,19,14,12,1089102,82.19,
Maharashtra,21,Nashik,Nashik,6,1664,1593774,958,29,15,13,937600,67.53,
Gujarat,25,Navsari,Navsari,7,1844,1764620,957,23,19,17,1161476,81.38,
Bihar,39,Nawada,Nawada,6,1676,1694895,1011,20,17,14,884474,74.02,
Andhra Pradesh,39,Nellore,Nellore,7,1799,1606126,893,17,14,12,1188861,74.02,
NCT OF Delhi,4,NEW DELHI                     ,New Delhi                     ,10,1525,1490147,977,35,29,26,970169,69.11,
Tamil Nadu,19,Nilgiris ,Nilgiris ,6,1439,1269173,882,16,10,8,933493,74.60,
Andhra Pradesh,4,Nizamabad,Nizamabad,7,1653,1496193,905,39,16,13,1034032,69.11,
NCT OF Delhi,2,NORTH EAST DELHI              ,North East Delhi              ,10,1744,1957707,1123,40,23,21,1317974,71.93,
Goa,1,North Goa,North Goa,20,827,515434,623,10,7,5,406945,76.15,
NCT OF Delhi,5,NORTH WEST DELHI              ,North West Delhi              ,10,2053,2194343,1069,20,14,12,1356404,76.09,
Assam,10,Nowgong,Nowgong,9,1902,1523881,801,10,8,5,1230495,60.51,
Andhra Pradesh,33,Ongole ,Ongole ,7,1707,1470212,861,20,15,13,1208904,82.23,
Maharashtra,40,Osmanabad,Osmanabad,6,1971,1759186,893,41,27,25,1119704,77.14,
Manipur,2,Outer manipur,Outer Manipur,28,1406,919009,654,10,10,8,773817,71.93,
Kerala,8,Palakkad,Palakkad,7,1027,1208529,1177,24,15,13,910476,53.06,
Jharkhand,13,Palamau,Palamau,6,1932,1645957,852,14,13,11,978159,79.75,
Maharashtra,22,Palghar ,Palghar ,6,2002,1578149,788,17,10,8,992770,82.01,
Rajasthan,15,Pali,Pali,8,2057,1902094,925,31,13,11,1097253,76.52,
Gujarat,18,Panchmahal,Panchmahal,7,1891,1576667,834,19,12,10,935016,71.82,
Maharashtra,17,Parbhani,Parbhani,6,1975,1803792,913,29,17,15,1162371,82.55,
Bihar,2,Paschim Champaran,Paschim Champaran,6,1276,1413148,1107,13,12,10,854833,71.93,
Bihar,31,Pataliputra,Pataliputra,6,1779,1736074,976,27,20,18,978795,84.68,
Gujarat,3,Patan,Patan,7,1830,1628641,890,23,14,12,956616,72.69,
Kerala,17,Pathanamthitta,Pathanamthitta,7,1205,1323320,1099,21,16,14,871251,82.55,
Punjab,13,Patiala,Patiala,9,1772,1580273,892,27,20,17,1120990,79.75,
Bihar,30,Patna Sahib,Patna Sahib,6,1818,1946249,1071,29,19,17,882768,79.31,
Andhra Pradesh,2,Peddapalle ,Peddapalle ,7,1707,1425355,835,21,17,15,1025194,71.93,
Tamil Nadu,25,Perambalur,Perambalur,6,1518,1285576,847,30,21,18,1031666,81.38,
Uttar Pradesh,51,Phulpur,Phulpur,5,1782,1913275,1074,26,15,12,960419,78.67,
Uttar Pradesh,26,Pilibhit,Pilibhit,5,1752,1671154,954,23,12,9,1050568,82.19,
Tamil Nadu,21,Pollachi,Pollachi,6,1395,1381505,990,29,18,15,1012752,67.53,
Kerala,7,Ponnani,Ponnani,7,948,1179083,1246,19,11,9,871595,51.05,
Gujarat,11,Porbandar,Porbandar,7,1664,1539223,925,16,14,12,809985,71.58,
Uttar Pradesh,39,Pratapgarh,Pratapgarh,5,1719,1716394,998,31,15,13,894524,74.02,
Puducherry,1,Puducherry,Puducherry,30,905,901292,996,41,30,27,740053,76.15,
Maharashtra,34,Pune,Pune,6,1891,1835835,971,50,29,27,993966,76.71,
Odisha,17,Puri,Puri,7,1666,1404581,843,7,7,4,1039487,82.55,
Bihar,12,Purnia,Purnia,6,1457,1582626,1086,20,17,15,1017750,75.55,
West Bengal,35,Purulia,Purulia,7,1857,1471933,793,16,12,9,1206653,72.08,
Bihar,3,Purvi Champaran,Purvi Champaran,6,1333,1439253,1080,16,15,13,822689,72.69,
Uttar Pradesh,36,Rae Bareli,Rae Bareli,5,1659,1594954,961,24,17,15,825142,78.87,
Karnataka,6,Raichur,Raichur,8,1878,1661606,885,13,11,9,969047,77.70,
Maharashtra,32,Raigad,Raigad,6,2119,1532781,723,17,10,8,988192,85.16,
West Bengal,5,Raiganj,Raiganj,7,1538,1387526,902,12,12,8,1108503,76.09,
Chhattisgarh,2,RAIGARH,Raigarh,8,2180,1626949,746,12,12,10,1246219,71.93,
Chhattisgarh,8,RAIPUR,Raipur,9,2061,1904460,924,47,36,34,1250872,53.06,
Andhra Pradesh,25,Rajahmundry,Rajahmundry,7,1439,1421276,988,16,14,12,1156626,81.38,
Andhra Pradesh,41,Rajampet,Rajampet,7,1679,1487791,886,12,9,7,1161241,78.05,
Madhya Pradesh,20,RAJGARH,Rajgarh,8,1930,1578757,818,8,6,4,1010811,80.19,
Gujarat,10,Rajkot,Rajkot,7,1690,1655717,980,28,15,13,1057783,60.51,
Jharkhand,1,Rajmahal,Rajmahal,6,1535,1353467,882,13,11,9,951755,76.15,
Chhattisgarh,6,RAJNANDGAON,Rajnandgaon,8,2211,1591373,720,27,13,11,1178305,77.70,
Rajasthan,22,Rajsamand,Rajsamand,8,1985,1701194,857,16,12,10,983032,82.01,
Tamil Nadu,35,Ramanathapuram,Ramanathapuram,6,1726,1455988,844,41,31,28,1001248,72.08,
Uttar Pradesh,7,Rampur,Rampur,5,1581,1616972,1023,15,12,10,958336,51.05,
Maharashtra,9,Ramtek ,Ramtek ,6,2231,1677266,752,30,23,21,1050640,53.30,
West Bengal,13,Ranaghat,Ranaghat,7,1944,1602849,825,9,9,6,1353623,79.75,
Jharkhand,8,Ranchi,Ranchi,6,2059,1648459,801,33,28,26,1049787,53.06,
Madhya Pradesh,24,RATLAM,Ratlam,8,1983,1702576,859,11,10,8,1083131,82.63,
Maharashtra,46,Ratnagiri - sindhudurg,Ratnagiri - Sindhudurg,6,1903,1367362,719,15,10,8,896409,75.46,
Maharashtra,4,Raver,Raver,6,1731,1593389,921,41,23,21,1011417,69.11,
Madhya Pradesh,10,REWA,Rewa,8,1635,1544719,945,17,14,11,830192,60.51,
Uttar Pradesh,80,Robertsganj,Robertsganj,5,1660,1639074,987,16,14,12,885876,60.22,
Haryana,7,Rohtak,Rohtak,9,1621,1567508,967,19,14,12,1045723,51.05,
Gujarat,5,Sabarkantha,Sabarkantha,7,2147,1615840,753,20,10,8,1095863,76.09,
Madhya Pradesh,5,SAGAR,Sagar,8,1811,1520322,839,10,10,8,892000,76.09,
Uttar Pradesh,1,Saharanpur,Saharanpur,5,1568,1608833,1026,25,14,11,1194649,76.15,
Tamil Nadu,15,Salem,Salem,6,1648,1498350,909,48,25,22,1150762,76.52,
Uttar Pradesh,71,Salempur,Salempur,5,1707,1661737,973,19,13,10,855776,59.96,
Bihar,23,Samastipur (SC),Samastipur (Sc),6,1425,1504451,1056,14,12,9,863211,77.68,
Odisha,3,Sambalpur,Sambalpur,7,1667,1297098,778,11,11,8,984697,72.69,
Uttar Pradesh,8,Sambhal,Sambhal,5,1691,1693229,1001,18,13,10,1057104,53.06,
Maharashtra,44,Sangli,Sangli,6,1725,1649107,956,34,17,15,1047510,84.16,
Punjab,12,Sangrur,Sangrur,9,1542,1424729,924,27,21,19,1100056,75.55,
Uttar Pradesh,62,Sant Kabir Nagar,Sant Kabir Nagar,5,2083,1904315,914,29,25,22,1012133,56.73,
Bihar,20,Saran,Saran,6,1438,1538740,1070,17,11,9,863592,80.19,
Chhattisgarh,1,SARGUJA,Sarguja,8,1840,1523022,828,17,14,12,1187329,76.15,
Bihar,34,Sasaram (SC),Sasaram (Sc),6,1732,1607747,928,12,11,9,847608,76.71,
Maharashtra,45,Satara,Satara,6,2242,1719998,767,26,18,17,976702,76.14,
Madhya Pradesh,9,SATNA,Satna,7,1567,1458381,931,26,14,12,913451,53.30,
Andhra Pradesh,8,Secundrabad,Secundrabad,7,1603,1893741,1181,38,30,28,1004763,53.06,
Madhya Pradesh,12,SHAHDOL,Shahdol,8,1850,1561016,844,14,14,12,969116,75.55,
Uttar Pradesh,27,Shahjahanpur,Shahjahanpur,6,2239,1979294,884,14,13,10,1130569,84.27,
Bihar,4,Sheohar,Sheohar,6,1385,1485801,1073,18,15,13,842926,69.11,
Meghalaya,1,Shillong,Shillong,36,1633,980740,601,8,8,5,620041,76.15,
Himachal Pradesh,4,Shimla,Shimla,17,1924,1153363,599,10,7,5,738047,69.11,
Karnataka,14,Shimoga,Shimoga,8,1944,1562243,804,18,13,10,1130364,81.27,
Maharashtra,38,Shirdi,Shirdi,6,1635,1462267,894,24,14,12,932893,77.47,
Maharashtra,36,Shirur,Shirur,6,2013,1824112,906,21,14,12,1089573,78.87,
Uttar Pradesh,58,Shrawasti,Shrawasti,5,1734,1788080,1031,19,14,11,980196,77.75,
Madhya Pradesh,11,SIDHI,Sidhi,8,1862,1736048,932,15,14,12,989576,71.58,
Rajasthan,5,Sikar,Sikar,8,1831,1769882,967,16,15,12,1067462,76.09,
Sikkim,1,Sikkim,Sikkim,32,538,370769,689,6,6,4,310095,76.15,
Assam,2,Silchar,Silchar,7,1188,1060175,892,17,17,15,800058,71.93,
Jharkhand,10,Singhbhum,Singhbhum,6,1356,1152632,850,12,12,10,795352,60.51,
Haryana,3,Sirsa,Sirsa,9,1678,1660556,990,25,18,15,1279271,72.69,
Bihar,5,Sitamarhi,Sitamarhi,6,1471,1574914,1071,22,19,17,900591,76.09,
Uttar Pradesh,30,Sitapur,Sitapur,5,1610,1550263,963,19,16,14,1026987,79.31,
Tamil Nadu,31,Sivaganga,Sivaganga,6,1685,1412367,838,54,27,25,1027473,84.68,
Bihar,18,Siwan,Siwan,6,1461,1563860,1070,15,13,11,884044,71.82,
Maharashtra,42,Solapur ,Solapur ,6,1751,1702739,972,49,16,14,951510,82.59,
Haryana,6,Sonipat,Sonipat,9,1475,1417187,961,29,23,20,986521,77.70,
NCT OF Delhi,7,SOUTH DELHI                   ,South Delhi                   ,10,1680,1752748,1043,26,19,17,1102849,51.05,
Goa,2,South Goa,South Goa,20,797,545316,684,14,12,10,410495,71.93,
West Bengal,27,Srerampur,Srerampur,7,1996,1624038,814,10,10,7,1291154,84.27,
Andhra Pradesh,19,Srikakulam,Srikakulam,7,1812,1413726,780,15,10,8,1054640,74.60,
Jammu & Kashmir,2,Srinagar,Srinagar,16,1546,1207230,781,16,14,12,312245,71.93,
Tamil Nadu,5,Sriperumbudur,Sriperumbudur,6,1989,1946503,979,39,21,19,1286651,76.09,
Uttar Pradesh,38,Sultanpur,Sultanpur,5,1690,1703698,1008,20,15,12,965310,77.47,
Odisha,2,Sundargarh ,Sundargarh ,7,1737,1410532,812,12,12,9,1010723,71.93,
Bihar,8,Supaul,Supaul,6,1425,1525583,1071,14,12,9,970544,53.06,
Gujarat,24,Surat,Surat,7,1500,1484068,989,12,8,6,948383,82.63,
Gujarat,9,Surendranagar,Surendranagar,7,1890,1656657,877,36,17,15,945439,53.30,
West Bengal,30,Tamluk,Tamluk,7,1855,1527273,823,10,10,8,1338336,79.31,
Uttarakhand,1,Tehri Garhwal,Tehri Garhwal,14,2079,1352614,651,20,16,14,776945,76.15,
Tamil Nadu,37,Tenkasi ,Tenkasi ,6,1590,1382081,869,22,18,15,1019436,81.53,
Assam,9,Tezpur,Tezpur,9,1763,1259568,714,11,9,7,980846,53.30,
Maharashtra,25,Thane,Thane,6,2197,2073251,944,39,26,24,1054575,81.38,
Tamil Nadu,30,Thanjavur,Thanjavur,6,1537,1340050,872,30,12,10,1012666,79.31,
Tamil Nadu,33,Theni ,Theni ,6,1620,1441302,890,44,23,21,1076690,82.23,
Tamil Nadu,1,Thiruvallur ,Thiruvallur ,6,1806,1702833,943,25,14,12,1254440,76.15,
Kerala,20,Thiruvananthapuram,Thiruvananthapuram,7,1060,1272632,1201,24,20,17,873462,80.19,
Tamil Nadu,36,Thoothukkudi,Thoothukkudi,6,1436,1310406,913,30,14,11,916913,78.87,
Kerala,10,Thrissur,Thrissur,7,1094,1274931,1166,19,14,12,920667,60.51,
Madhya Pradesh,6,TIKAMGARH,Tikamgarh,8,1612,1528863,948,16,13,11,766878,77.70,
Tamil Nadu,24,Tiruchirappalli,Tiruchirappalli,6,1497,1387140,927,37,29,27,988808,82.63,
Tamil Nadu,38,Tirunelveli,Tirunelveli,6,1617,1420435,878,37,27,25,962647,77.47,
Andhra Pradesh,40,Tirupati ,Tirupati ,7,1775,1574161,887,19,14,12,1214363,77.14,
Tamil Nadu,18,Tiruppur,Tiruppur,6,1508,1375589,912,32,26,23,1050722,71.82,
Tamil Nadu,11,Tiruvannamalai,Tiruvannamalai,6,1573,1352966,860,37,24,22,1068556,71.58,
Rajasthan,12,TONK-SAWAI MADHOPUR,Tonk-Sawai Madhopur,8,1929,1710775,887,37,22,20,1043925,75.55,
Tripura,2,Tripura East,Tripura East,30,1490,1140276,765,12,12,11,952775,71.93,
Tripura,1,Tripura West,Tripura West,30,1605,1248546,778,13,13,12,1075932,76.15,
Karnataka,19,Tumkur,Tumkur,8,1826,1518518,832,24,16,13,1102012,74.60,
Meghalaya,2,Tura ,Tura ,24,929,586501,631,2,2,0,458254,71.93,
Rajasthan,19,Udaipur,Udaipur,8,2065,1817940,880,9,8,6,1193815,74.60,
Jammu & Kashmir,5,Udhampur,Udhampur,17,2051,1469072,716,23,13,11,1042375,76.09,
Karnataka,15,Udupi Chikmagalur,Udupi Chikmagalur,8,1751,1387294,792,14,11,9,1034334,76.52,
Bihar,22,Ujiarpur,Ujiarpur,6,1323,1426217,1078,20,19,17,858925,82.01,
Madhya Pradesh,22,UJJAIN,Ujjain,8,1824,1525481,836,14,12,10,1016415,82.01,
West Bengal,26,Uluberia,Uluberia,7,1788,1448632,810,13,13,11,1187174,82.19,
Uttar Pradesh,33,Unnao,Unnao,6,2197,2164392,985,22,21,18,1201806,82.23,
Karnataka,12,Uttara Kannada,Uttara Kannada,8,1863,1450599,779,10,9,7,1001470,75.55,
Kerala,3,Vadakara,Vadakara,7,1044,1179031,1133,17,11,9,960264,72.69,
Gujarat,20,Vadodara,Vadodara,7,1591,1638321,1030,17,8,6,1162168,80.19,
Bihar,16,Vaishali,Vaishali,6,1502,1566321,1043,23,22,20,925951,81.21,
Bihar,1,Valmiki Nagar,Valmiki Nagar,6,1391,1456598,1047,15,14,12,900169,76.15,
Gujarat,26,Valsad,Valsad,7,1875,1512061,806,12,10,8,1123182,82.19,
Uttar Pradesh,77,Varanasi,Varanasi,5,1647,1766487,1073,78,42,40,1030812,51.57,
Tamil Nadu,8,Vellore,Vellore,6,1447,1312257,907,38,24,21,975203,53.06,
Madhya Pradesh,18,VIDISHA,Vidisha,8,1973,1634039,828,16,12,10,1073781,71.82,
Andhra Pradesh,29,Vijayawada,Vijayawada,7,1561,1564511,1002,31,22,20,1198985,76.64,
Tamil Nadu,13,Viluppuram,Viluppuram,6,1608,1387007,863,26,20,17,1068122,79.75,
Tamil Nadu,34,Virudhunagar,Virudhunagar,6,1526,1350490,885,37,26,23,1011713,76.71,
Andhra Pradesh,21,Visakhapatnam,Visakhapatnam,7,1785,1723011,965,26,22,20,1163582,67.53,
Andhra Pradesh,20,Vizianagaram,Vizianagaram,7,1658,1403736,847,11,9,7,1125615,80.19,
Andhra Pradesh,15,Warangal,Warangal,7,1751,1537777,878,14,12,10,1176653,76.52,
Maharashtra,8,Wardha,Wardha,6,1933,1564552,809,34,21,19,1013608,53.06,
Kerala,4,Wayanad,Wayanad,7,1073,1249123,1164,22,15,13,915138,69.11,
NCT OF Delhi,6,WEST DELHI                    ,West Delhi                    ,10,1889,2039410,1080,24,17,15,1348744,77.70,
Maharashtra,14,Yavatmal-Washim,Yavatmal-Washim,6,2009,1755292,874,44,26,24,1033402,81.27,
Andhra Pradesh,5,Zahirabad,Zahirabad,7,1757,1445354,823,15,10,8,1099784,76.09,
,,,,,,,,,,,,,
,,,,,,,,,,,,,
,,,,,,,,,,,,,
,,,,,,,,,,,,,
,,,,,,,,,,,,,
,,,,,,,,,,,,,
,,,,,,,,,,,,,
,,,,,,,,,,,,,
,,,,,,,,,,,,,
,,,,,,,,,,,,,
,,,,,,,,,,,,,
,,,,,,,,,,,,,
,,,,,,,,,,,,,
,,,,,,,,,,,,,
,,,,,,,,,,,,,
,,,,,,,,,,,,,
,,,,,,,,,,,,,
,,,,,,,,,,,,,
,,,,,,,,,,,,,
,,,,,,,,,,,,,
,,,,,,,,,,,,,
,,,,,,,,,,,,,
,,,,,,,,,,,,,
,,,,,,,,,,,,,
,,,,,,,,,,,,,
,,,,,,,,,,,,,
,,,,,,,,,,,,,
,,,,,,,,,,,,,
,,,,,,,,,,,,,
,,,,,,,,,,,,,
,,,,,,,,,,,,,
,,,,,,,,,,,,,
,,,,,,,,,,,,,
,,,,,,,,,,,,,
,,,,,,,,,,,,,
,,,,,,,,,,,,,
,,,,,,,,,,,,,
,,,,,,,,,,,,,
,,,,,,,,,,,,,
,,,,,,,,,,,,,
,,,,,,,,,,,,,
,,,,,,,,,,,,,
,,,,,,,,,,,,,
,,,,,,,,,,,,,
,,,,,,,,,,,,,
,,,,,,,,,,,,,
,,,,,,,,,,,,,
,,,,,,,,,,,,,
,,,,,,,,,,,,,
,,,,,,,,,,,,,
,,,,,,,,,,,,,
,,,,,,,,,,,,,
,,,,,,,,,,,,,
,,,,,,,,,,,,,
,,,,,,,,,,,,,
,,,,,,,,,,,,,
,,,,,,,,,,,,,
,,,,,,,,,,,,,
,,,,,,,,,,,,,
,,,,,,,,,,,,,
,,,,,,,,,,,,,
,,,,,,,,,,,,,
,,,,,,,,,,,,,
,,,,,,,,,,,,,
,,,,,,,,,,,,,
,,,,,,,,,,,,,
,,,,,,,,,,,,,
,,,,,,,,,,,,,
,,,,,,,,,,,,,
,,,,,,,,,,,,,
,,,,,,,,,,,,,
,,,,,,,,,,,,,
,,,,,,,,,,,,,
,,,,,,,,,,,,,
,,,,,,,,,,,,,
,,,,,,,,,,,,,
,,,,,,,,,,,,,
,,,,,,,,,,,,,
,,,,,,,,,,,,,
,,,,,,,,,,,,,
,,,,,,,,,,,,,
,,,,,,,,,,,,,
,,,,,,,,,,,,,
,,,,,,,,,,,,,
,,,,,,,,,,,,,
,,,,,,,,,,,,,
,,,,,,,,,,,,,
,,,,,,,,,,,,,
,,,,,,,,,,,,,
,,,,,,,,,,,,,
,,,,,,,,,,,,,
,,,,,,,,,,,,,
,,,,,,,,,,,,,
,,,,,,,,,,,,,
,,,,,,,,,,,,,
,,,,,,,,,,,,,
,,,,,,,,,,,,,
,,,,,,,,,,,,,
,,,,,,,,,,,,,
,,,,,,,,,,,,,
,,,,,,,,,,,,,
,,,,,,,,,,,,,
,,,,,,,,,,,,,
,,,,,,,,,,,,,
,,,,,,,,,,,,,
,,,,,,,,,,,,,
,,,,,,,,,,,,,
,,,,,,,,,,,,,
,,,,,,,,,,,,,
,,,,,,,,,,,,,
,,,,,,,,,,,,,
,,,,,,,,,,,,,
,,,,,,,,,,,,,
,,,,,,,,,,,,,
,,,,,,,,,,,,,
,,,,,,,,,,,,,
,,,,,,,,,,,,,
,,,,,,,,,,,,,
,,,,,,,,,,,,,
,,,,,,,,,,,,,
,,,,,,,,,,,,,
,,,,,,,,,,,,,
,,,,,,,,,,,,,
,,,,,,,,,,,,,
,,,,,,,,,,,,,
,,,,,,,,,,,,,
,,,,,,,,,,,,,
,,,,,,,,,,,,,
,,,,,,,,,,,,,
,,,,,,,,,,,,,
,,,,,,,,,,,,,
,,,,,,,,,,,,,
,,,,,,,,,,,,,
,,,,,,,,,,,,,
,,,,,,,,,,,,,
,,,,,,,,,,,,,
,,,,,,,,,,,,,
,,,,,,,,,,,,,
,,,,,,,,,,,,,
,,,,,,,,,,,,,
,,,,,,,,,,,,,
,,,,,,,,,,,,,
,,,,,,,,,,,,,
,,,,,,,,,,,,,
,,,,,,,,,,,,,
,,,,,,,,,,,,,
,,,,,,,,,,,,,
,,,,,,,,,,,,,
,,,,,,,,,,,,,
,,,,,,,,,,,,,
,,,,,,,,,,,,,
,,,,,,,,,,,,,
,,,,,,,,,,,,,
,,,,,,,,,,,,,
,,,,,,,,,,,,,
,,,,,,,,,,,,,
,,,,,,,,,,,,,
,,,,,,,,,,,,,
,,,,,,,,,,,,,
,,,,,,,,,,,,,
,,,,,,,,,,,,,
,,,,,,,,,,,,,
,,,,,,,,,,,,,
,,,,,,,,,,,,,
,,,,,,,,,,,,,
,,,,,,,,,,,,,
,,,,,,,,,,,,,
,,,,,,,,,,,,,
,,,,,,,,,,,,,
,,,,,,,,,,,,,
,,,,,,,,,,,,,
,,,,,,,,,,,,,
,,,,,,,,,,,,,
,,,,,,,,,,,,,
,,,,,,,,,,,,,
,,,,,,,,,,,,,
,,,,,,,,,,,,,
,,,,,,,,,,,,,
,,,,,,,,,,,,,
,,,,,,,,,,,,,
,,,,,,,,,,,,,
,,,,,,,,,,,,,
,,,,,,,,,,,,,
,,,,,,,,,,,,,
,,,,,,,,,,,,,
,,,,,,,,,,,,,
,,,,,,,,,,,,,
,,,,,,,,,,,,,
,,,,,,,,,,,,,
,,,,,,,,,,,,,
,,,,,,,,,,,,,
,,,,,,,,,,,,,
,,,,,,,,,,,,,
,,,,,,,,,,,,,
,,,,,,,,,,,,,
,,,,,,,,,,,,,
,,,,,,,,,,,,,
,,,,,,,,,,,,,
,,,,,,,,,,,,,
,,,,,,,,,,,,,
,,,,,,,,,,,,,
,,,,,,,,,,,,,
,,,,,,,,,,,,,
,,,,,,,,,,,,,
,,,,,,,,,,,,,
,,,,,,,,,,,,,
,,,,,,,,,,,,,
,,,,,,,,,,,,,
,,,,,,,,,,,,,
,,,,,,,,,,,,,
,,,,,,,,,,,,,
,,,,,,,,,,,,,
,,,,,,,,,,,,,
,,,,,,,,,,,,,
,,,,,,,,,,,,,
,,,,,,,,,,,,,
,,,,,,,,,,,,,
,,,,,,,,,,,,,
,,,,,,,,,,,,,
,,,,,,,,,,,,,
,,,,,,,,,,,,,
,,,,,,,,,,,,,
,,,,,,,,,,,,,
,,,,,,,,,,,,,
,,,,,,,,,,,,,
,,,,,,,,,,,,,
,,,,,,,,,,,,,
,,,,,,,,,,,,,
,,,,,,,,,,,,,
,,,,,,,,,,,,,
,,,,,,,,,,,,,
,,,,,,,,,,,,,
,,,,,,,,,,,,,
,,,,,,,,,,,,,
,,,,,,,,,,,,,
,,,,,,,,,,,,,
,,,,,,,,,,,,,
,,,,,,,,,,,,,
,,,,,,,,,,,,,
,,,,,,,,,,,,,
,,,,,,,,,,,,,
,,,,,,,,,,,,,
,,,,,,,,,,,,,
,,,,,,,,,,,,,
,,,,,,,,,,,,,